{
    "data": [
        {
            "text": "Can i schedule for tomorrow ",
            "entities": [
                {
                    "entity": "intent",
                    "value": "\"book\""
                },
                {
                    "entity": "datetime",
                    "value": "\"2019-07-15T00:00:00.000-07:00\"",
                    "start": 19,
                    "end": 27
                }
            ]
        },
        {
            "text": "hello",
            "entities": [
                {
                    "entity": "greetings",
                    "value": "\"true\""
                }
            ]
        },
        {
            "text": "Hell i  want to book an appointment for tomorrow at  2pm",
            "entities": [
                {
                    "entity": "intent",
                    "value": "\"book\""
                },
                {
                    "entity": "datetime",
                    "value": "\"2019-07-15T14:00:00.000-07:00\"",
                    "start": 40,
                    "end": 56
                }
            ]
        },
        {
            "text": "redirect me to an  agent",
            "entities": [
                {
                    "entity": "intent",
                    "value": "\"Agent\""
                }
            ]
        },
        {
            "text": "I  would would like to speak to someone",
            "entities": [
                {
                    "entity": "intent",
                    "value": "\"Agent\""
                }
            ]
        },
        {
            "text": "Book an appointment ",
            "entities": [
                {
                    "entity": "intent",
                    "value": "\"book\""
                }
            ]
        },
        {
            "text": "hi i I would like to speak with an agent",
            "entities": [
                {
                    "entity": "intent",
                    "value": "\"Agent\""
                },
                {
                    "entity": "greetings",
                    "value": "\"true\""
                }
            ]
        },
        {
            "text": "Hello",
            "entities": [
                {
                    "entity": "greetings",
                    "value": "\"true\""
                }
            ]
        },
        {
            "text": "Can  i  speak  to  a  customer  support  representative",
            "entities": [
                {
                    "entity": "intent",
                    "value": "\"Agent\""
                }
            ]
        },
        {
            "text": "Can i schedule an  appointment for next  week  saturday   at  6pm",
            "entities": [
                {
                    "entity": "intent",
                    "value": "\"book\""
                },
                {
                    "entity": "datetime",
                    "value": "\"2019-07-20T18:00:00.000-07:00\"",
                    "start": 35,
                    "end": 65
                }
            ]
        },
        {
            "text": " Hello i want to book an appointment",
            "entities": [
                {
                    "entity": "greetings",
                    "value": "\"true\""
                },
                {
                    "entity": "intent",
                    "value": "\"book\""
                }
            ]
        },
        {
            "text": "Can  i  speak to  an  agent  please?",
            "entities": [
                {
                    "entity": "intent",
                    "value": "\"Agent\""
                }
            ]
        },
        {
            "text": "Hello I want to make a booking",
            "entities": [
                {
                    "entity": "greetings",
                    "value": "\"true\""
                },
                {
                    "entity": "intent",
                    "value": "\"book\""
                }
            ]
        },
        {
            "text": "Hello I would like an appointment",
            "entities": [
                {
                    "entity": "intent",
                    "value": "\"book\""
                },
                {
                    "entity": "greetings",
                    "value": "\"true\""
                }
            ]
        },
        {
            "text": "Hello I would like to schedule a new appointment",
            "entities": [
                {
                    "entity": "intent",
                    "value": "\"book\""
                },
                {
                    "entity": "greetings",
                    "value": "\"true\""
                }
            ]
        },
        {
            "text": "Hello there can I speak to someone",
            "entities": [
                {
                    "entity": "intent",
                    "value": "\"Agent\""
                },
                {
                    "entity": "greetings",
                    "value": "\"true\""
                }
            ]
        },
        {
            "text": "Speak to someone",
            "entities": [
                {
                    "entity": "intent",
                    "value": "\"Agent\""
                }
            ]
        },
        {
            "text": "Redirect me to someone",
            "entities": [
                {
                    "entity": "intent",
                    "value": "\"Agent\""
                }
            ]
        },
        {
            "text": "Agent",
            "entities": [
                {
                    "entity": "intent",
                    "value": "\"Agent\""
                }
            ]
        },
        {
            "text": "customer support",
            "entities": [
                {
                    "entity": "intent",
                    "value": "\"Agent\""
                }
            ]
        },
        {
            "text": "new appointment",
            "entities": [
                {
                    "entity": "intent",
                    "value": "\"book\""
                }
            ]
        },
        {
            "text": "I need help",
            "entities": [
                {
                    "entity": "intent",
                    "value": "\"help\""
                }
            ]
        },
        {
            "text": "I would like some help",
            "entities": [
                {
                    "entity": "intent",
                    "value": "\"help\""
                }
            ]
        },
        {
            "text": "I need some help",
            "entities": [
                {
                    "entity": "intent",
                    "value": "\"help\""
                }
            ]
        },
        {
            "text": "I want help",
            "entities": [
                {
                    "entity": "intent",
                    "value": "\"help\""
                }
            ]
        },
        {
            "text": "I need some answers",
            "entities": [
                {
                    "entity": "intent",
                    "value": "\"help\""
                }
            ]
        },
        {
            "text": "I need FAQs",
            "entities": [
                {
                    "entity": "intent",
                    "value": "\"help\""
                }
            ]
        },
        {
            "text": "Frequently asked questions",
            "entities": [
                {
                    "entity": "intent",
                    "value": "\"help\""
                }
            ]
        },
        {
            "text": "I need support",
            "entities": [
                {
                    "entity": "intent",
                    "value": "\"Agent\""
                }
            ]
        },
        {
            "text": "I need an agent",
            "entities": [
                {
                    "entity": "intent",
                    "value": "\"Agent\""
                }
            ]
        },
        {
            "text": "I need to talk to someone",
            "entities": [
                {
                    "entity": "intent",
                    "value": "\"Agent\""
                }
            ]
        },
        {
            "text": "I need to speak to someone",
            "entities": [
                {
                    "entity": "intent",
                    "value": "\"Agent\""
                }
            ]
        },
        {
            "text": "can i book an appointment for december 3 2020 1pm",
            "entities": [
                {
                    "entity": "intent",
                    "value": "\"book\""
                }
            ]
        },
        {
            "text": "May I speak to an Agent please?",
            "entities": [
                {
                    "entity": "intent",
                    "value": "\"Agent\""
                }
            ]
        },
        {
            "text": "May I speak to an Agent book?",
            "entities": [
                {
                    "entity": "intent",
                    "value": "\"Agent\""
                }
            ]
        },
        {
            "text": "May I please book an appointment?",
            "entities": [
                {
                    "entity": "intent",
                    "value": "\"book\""
                }
            ]
        },
        {
            "text": "May I please book an appointment for tomorrow?",
            "entities": [
                {
                    "entity": "datetime",
                    "value": "\"2019-08-07T00:00:00.000+02:00\"",
                    "start": 37,
                    "end": 45
                },
                {
                    "entity": "intent",
                    "value": "\"book\""
                }
            ]
        },
        {
            "text": "May I please speak to an agent for tomorrow?",
            "entities": [
                {
                    "entity": "datetime",
                    "value": "\"2019-08-07T00:00:00.000+02:00\"",
                    "start": 35,
                    "end": 43
                },
                {
                    "entity": "intent",
                    "value": "\"Agent\""
                }
            ]
        },
        {
            "text": "Hello, May I please speak to an agent for tomorrow?",
            "entities": [
                {
                    "entity": "datetime",
                    "value": "\"2019-08-07T00:00:00.000+02:00\"",
                    "start": 42,
                    "end": 50
                },
                {
                    "entity": "intent",
                    "value": "\"Agent\""
                },
                {
                    "entity": "greetings",
                    "value": "\"true\""
                }
            ]
        },
        {
            "text": "Hello, May I please speak to an agent and book a session for tomorrow?",
            "entities": [
                {
                    "entity": "datetime",
                    "value": "\"2019-08-07T00:00:00.000+02:00\"",
                    "start": 61,
                    "end": 69
                },
                {
                    "entity": "intent",
                    "value": "\"Agent\""
                },
                {
                    "entity": "greetings",
                    "value": "\"true\""
                },
                {
                    "entity": "intent",
                    "value": "\"book\""
                }
            ]
        },
        {
            "text": "Hello, May I please speak book a session for tomorrow?",
            "entities": [
                {
                    "entity": "datetime",
                    "value": "\"2019-08-07T00:00:00.000+02:00\"",
                    "start": 45,
                    "end": 53
                },
                {
                    "entity": "intent",
                    "value": "\"book\""
                },
                {
                    "entity": "greetings",
                    "value": "\"true\""
                }
            ]
        },
        {
            "text": "hi",
            "entities": [
                {
                    "entity": "greetings",
                    "value": "\"true\""
                }
            ]
        },
        {
            "text": "How are you?",
            "entities": [
                {
                    "entity": "greetings",
                    "value": "\"true\""
                }
            ]
        },
        {
            "text": "I would like to speak to an agent",
            "entities": [
                {
                    "entity": "intent",
                    "value": "\"Agent\""
                }
            ]
        },
        {
            "text": "I would like to make a booking for tomorrow at 7pm",
            "entities": [
                {
                    "entity": "datetime",
                    "value": "\"2019-08-07T19:00:00.000+02:00\"",
                    "start": 35,
                    "end": 50
                },
                {
                    "entity": "intent",
                    "value": "\"book\""
                }
            ]
        },
        {
            "text": "I would like to make a booking for tomorrow at 8pm",
            "entities": [
                {
                    "entity": "datetime",
                    "value": "\"2019-08-07T20:00:00.000+02:00\"",
                    "start": 35,
                    "end": 50
                },
                {
                    "entity": "intent",
                    "value": "\"book\""
                }
            ]
        }
    ]
}
